"","numberOfAttacks","vulAfter","vulPref","vulInvPref","vulRand"
"1",0,0,0,0,0
"2",1,0.218780192927978,0.252153409664227,0.219014333923634,0.293103944899744
"3",2,0.335283369782239,0.483676182729763,0.397202412699413,0.447659046022444
"4",3,0.437107460988922,0.617115421660553,0.609692294678645,0.585274046903529
"5",4,0.513779414724713,0.714030418378786,0.677247710372061,0.672067625643531
"6",5,0.534811263591862,0.765599327932169,0.763810712592438,0.719045758849587
"7",6,0.563656595926212,0.812785167372144,0.795011849054408,0.744867256027061
"8",7,0.604544684800148,0.87556669456365,0.839010546675157,0.849272182212221
"9",8,0.63415366418217,0.90329154721416,0.849158390753146,0.878705647196369
"10",9,0.67160984988365,0.919656689043608,0.892537730795273,0.895071055718754
"11",10,0.696290090125495,0.934696130629107,0.914416329300651,0.90248949208439
