"","numberOfAttacks","efAfter","efPref","efInvPref","efRand"
"1",0,0.236625140291807,0.27012506012506,0.255150312650313,0.260975068141735
"2",1,0.184856246447156,0.202012105178772,0.199268736874797,0.184482246148913
"3",2,0.157288665879575,0.139472002184123,0.153803992864599,0.144147218101764
"4",3,0.133194526012708,0.103426719744902,0.0995871330425698,0.108233133869497
"5",4,0.115052014203529,0.0772475504293686,0.0823503476071728,0.0855821737435605
"6",5,0.110075350014744,0.0633174956356775,0.0602637705266939,0.0733220522289384
"7",6,0.103249819204365,0.0505714179199028,0.0523027908033772,0.0665832852435254
"8",7,0.0935746694383058,0.0336125541125541,0.0410765093492366,0.0393362025180207
"9",8,0.0865684405381375,0.0261233766233766,0.038487283760011,0.0316548019881353
"10",9,0.077705365341729,0.0217027417027417,0.0274190315856983,0.0273838383838384
"11",10,0.0718654000320667,0.0176402116402116,0.0218367003367003,0.0254478114478114
